clientid,income,age,loan,default
0,66155,59,8106,0
1,34415,48,6564,0
2,57317,63,8020,0
3,42709,45,6103,0
4,66952,18,8770,1
5,24904,57,15,0
6,48430,26,5722,0
7,24500,32,2971,1
8,40654,55,4755,0
9,25075,39,1409,0
10,64131,25,4351,0
11,59436,60,9254,0
12,61050,26,5893,0
13,27267,61,4759,0
14,63061,39,1850,0
15,50501,28,3977,0
16,43548,39,3935,0
17,43378,60,3277,0
18,20542,61,3157,0
19,58887,26,4965,0
20,23000,31,1148,0
21,32197,52,4244,0
22,23329,48,222,0
23,27845,51,4959,0
24,65301,48,5465,0
25,47451,27,5361,0
26,63287,36,9595,0
27,45727,55,6376,0
29,58842,54,10871,0
32,67252,38,4221,0
33,58886,38,7271,0
34,57584,36,1728,0
35,26289,20,341,0
36,25952,58,2109,0
37,32464,50,4326,0
38,60921,18,968,0
39,26578,32,3489,1
40,66260,32,7035,0
41,58787,62,4167,0
42,62545,49,4362,0
43,24381,25,4227,1
44,67852,47,5730,0
45,41725,18,1185,0
46,41896,47,4892,0
47,44379,50,1814,0
48,28416,57,1788,0
49,68427,46,1658,0
50,35975,35,6610,0
51,57596,29,3344,0
52,29681,54,1745,0
53,51656,47,7158,0
54,24912,49,267,0
55,47761,50,5549,0
56,22248,23,4364,1
57,29724,31,3075,0
58,52143,20,2393,0
59,56577,36,5947,0
60,37660,53,2129,0
61,37403,47,2044,0
62,31652,62,5151,0
63,32727,34,1087,0
64,69078,25,4076,0
65,40622,41,4949,0
66,37521,60,8,0
67,30735,22,5946,1
68,24857,21,2692,0
69,33180,49,4621,0
70,66628,52,5992,0
71,38564,21,5604,1
72,33704,33,5898,1
73,57018,44,3507,0
74,40526,28,2119,0
75,50827,51,1765,0
76,40775,60,1922,0
77,55467,56,9226,0
78,38789,61,7650,0
79,58074,50,7388,0
80,57814,43,7252,0
81,45190,53,7893,0
82,36801,43,5406,0
83,68811,24,4211,0
84,30483,33,4514,1
85,44930,19,7708,1
86,43671,25,8066,1
87,27612,19,1513,0
88,53607,27,2378,0
89,33036,25,958,0
90,64275,61,7520,0
91,30673,59,383,0
92,58793,56,4391,0
93,21053,63,754,0
94,42095,55,1183,0
95,50360,28,4217,0
96,41970,63,1622,0
97,51663,63,4147,0
98,53601,20,9601,1
99,43439,24,6879,1
100,51461,36,7292,0
101,41285,47,2313,0
102,62895,49,2001,0
103,57296,25,10601,1
104,60844,45,12072,0
105,47634,44,141,0
106,23998,29,3928,1
107,63391,34,190,0
108,21534,44,228,0
109,28255,35,2109,0
110,36496,19,165,0
111,41631,53,106,0
112,68762,20,2796,0
113,30075,29,2628,0
114,41302,38,1379,0
115,39703,47,2403,0
116,63161,59,804,0
117,63062,26,56,0
118,34507,38,1793,0
119,27954,29,1627,0
120,37369,35,3783,0
121,43912,23,7757,1
122,22766,29,1429,0
123,21603,21,178,0
124,61952,18,3635,0
125,36116,22,1494,0
126,26157,22,2295,0
127,26458,59,552,0
128,69156,53,7364,0
129,39441,46,1034,0
130,60119,45,1810,0
131,55613,24,4255,0
132,37049,29,6056,1
133,23122,53,4263,0
134,48790,32,5519,0
135,59132,48,4575,0
136,55305,53,8176,0
137,26037,24,3293,1
138,64899,38,4654,0
139,27089,21,5029,1
140,45341,22,6525,1
141,24865,37,4439,0
142,28239,26,4189,1
143,52730,50,5706,0
144,28982,39,2898,0
145,36221,26,5094,1
146,33551,58,4333,0
147,43891,49,5792,0
148,45148,60,6455,0
149,58481,40,5380,0
150,69579,57,10868,0
151,52743,44,2684,0
152,65635,51,12701,0
153,34559,29,3317,0
154,60218,32,3157,0
155,51689,46,9881,0
156,47541,55,1611,0
157,62905,27,11423,1
158,65632,47,12498,0
159,31847,41,2913,0
160,27947,58,5514,0
161,62246,31,406,0
162,40154,60,6013,0
163,58627,33,1215,0
164,33441,27,5282,1
165,55603,43,1411,0
166,31046,29,4907,1
167,44708,21,2390,0
168,23340,42,2707,0
169,24830,28,2046,0
170,31422,53,1686,0
171,60477,60,10711,0
172,26039,49,2056,0
173,36186,50,1130,0
174,39772,43,5492,0
175,34730,63,818,0
176,23118,57,1746,0
177,50072,33,8088,1
178,67465,23,1802,0
179,38625,19,5836,1
180,45227,26,5521,1
181,64901,44,9589,0
182,40543,51,6507,0
183,27793,60,382,0
184,61167,20,10396,1
185,64619,26,9704,1
186,37593,54,7274,0
187,35032,56,135,0
188,58364,55,5809,0
189,56945,45,6388,0
190,27204,29,3827,1
191,21648,52,3558,0
192,31077,44,4452,0
193,42522,53,6790,0
194,31769,44,1148,0
195,35556,23,6361,1
196,52908,53,9841,0
197,35045,28,2382,0
198,44488,33,2751,0
199,41679,53,395,0
200,54619,52,10780,0
201,38053,26,6110,1
202,64718,37,1485,0
203,43159,62,4350,0
204,29445,28,1758,0
205,25817,37,4115,0
206,66356,61,10725,0
207,56676,46,2278,0
208,61000,48,2160,0
209,58906,42,9290,0
210,49589,42,2627,0
211,40141,56,845,0
212,31659,31,858,0
213,62658,25,3343,0
214,39264,37,5255,0
215,46643,53,6440,0
216,30515,20,415,0
217,65077,50,11061,0
218,60871,61,4844,0
219,25011,36,3834,0
220,68407,60,597,0
221,43727,55,1170,0
222,45788,41,5894,0
223,65705,50,1969,0
224,32434,41,2738,0
225,58121,27,7531,1
226,62498,31,3312,0
227,26090,48,4255,0
228,64780,20,8402,1
229,65588,22,7879,1
230,65743,52,7724,0
231,37164,47,1445,0
232,65176,48,2365,0
233,34615,25,6476,1
234,59079,58,10326,0
235,56267,22,7329,1
236,34862,54,6040,0
237,60521,45,8035,0
238,42276,57,8055,0
239,38451,63,3441,0
240,45985,53,7382,0
241,51000,27,778,0
242,31523,40,5174,0
243,28648,18,1870,0
244,27514,21,3400,1
245,27441,37,1455,0
246,67709,50,5136,0
247,38600,44,2749,0
248,30950,26,5043,1
249,27083,60,3286,0
250,21512,24,2453,0
251,34796,58,443,0
252,27089,51,1851,0
253,25259,39,4341,0
254,47007,45,4069,0
255,20358,53,1064,0
256,67900,43,7902,0
257,54418,55,5630,0
258,51288,29,6536,1
259,28199,36,3871,0
260,22199,60,1498,0
261,50514,57,2003,0
262,34414,54,617,0
263,37633,29,868,0
264,55235,47,4910,0
265,45587,62,8366,0
266,52757,53,2321,0
267,41174,52,2888,0
268,25685,39,490,0
269,28145,55,4805,0
270,52094,40,495,0
271,33552,25,6054,1
272,37400,50,1693,0
273,21605,23,2828,1
274,57562,56,8508,0
275,62288,25,10657,1
276,22767,45,1205,0
277,20943,19,4098,1
278,20622,30,3518,1
279,48436,49,5851,0
280,27574,57,1017,0
281,62889,33,6525,0
282,37683,55,7414,0
283,54974,61,8922,0
284,56326,40,4816,0
285,65670,50,3950,0
286,50730,41,1879,0
287,64184,46,1854,0
288,66179,48,3646,0
289,24969,45,3595,0
290,54925,40,554,0
291,67879,43,10433,0
292,67787,53,9607,0
293,31657,37,1448,0
294,36559,19,3030,0
295,57787,22,6339,0
296,42521,47,2661,0
297,51935,21,5649,0
298,45677,51,2966,0
299,51363,21,761,0
300,27218,55,4145,0
301,43677,32,6739,1
302,21533,57,1971,0
303,28010,55,3971,0
304,51589,50,56,0
305,50480,27,8831,1
306,43957,21,5416,1
307,61878,33,567,0
308,60153,20,6472,0
309,33388,62,4551,0
310,41310,53,4481,0
311,25576,51,1922,0
312,51455,37,9447,0
313,48134,47,2075,0
314,51348,52,1507,0
315,20532,54,1897,0
316,33297,46,3674,0
317,55858,25,5630,0
318,43777,20,3601,0
319,27789,58,186,0
320,36132,34,99,0
321,20145,21,839,0
322,63108,43,5757,0
323,26581,61,5090,0
324,62040,62,7643,0
325,69958,30,8755,1
326,38082,45,4213,0
327,45183,33,5953,1
328,36242,39,5688,0
329,44527,42,4588,0
330,40496,20,4834,0
331,24698,48,2427,0
332,60560,49,1994,0
333,48018,50,6120,0
334,30216,26,2116,0
335,61742,44,8068,0
336,47288,62,4004,0
337,24658,59,590,0
338,64644,58,9848,0
339,57517,52,4536,0
340,52945,54,6262,0
341,36366,47,371,0
342,62113,27,11928,1
343,62279,26,6801,0
344,61799,56,5619,0
345,50139,30,7758,1
346,69566,52,9875,0
347,44897,51,5732,0
348,22572,51,724,0
349,37123,19,5659,1
350,68744,60,5207,0
351,21081,52,2395,0
352,58828,32,5947,0
353,46706,18,7084,1
354,32312,28,228,0
355,60778,43,10021,0
356,30948,42,3995,0
357,60122,62,7189,0
358,43321,32,743,0
359,47904,40,6183,0
360,58597,53,2588,0
361,66091,24,8743,1
362,47316,27,1940,0
363,40872,54,5312,0
364,35154,52,4037,0
365,32222,61,934,0
366,40447,22,1072,0
367,48463,50,8120,0
368,42843,28,839,0
369,50310,53,8361,0
370,57565,37,5353,0
371,55066,55,9332,0
372,46065,52,4947,0
373,38309,55,3545,0
374,54472,59,10836,0
375,58695,29,1826,0
376,54748,31,5438,0
377,46328,56,7879,0
378,49633,38,7915,0
379,66339,35,2350,0
380,62650,33,6425,0
381,27646,56,3132,0
382,21437,45,2563,0
383,50648,56,7110,0
384,29670,53,2928,0
385,20258,29,2767,1
386,34475,42,3162,0
387,28926,62,750,0
388,20660,49,1756,0
389,24987,49,3946,0
390,29672,51,607,0
391,23241,40,457,0
392,24217,23,2104,0
393,65574,23,3031,0
394,55994,31,680,0
395,67369,57,2299,0
396,23305,28,4521,1
397,35195,49,2836,0
398,27135,54,1387,0
399,24037,23,2469,0
400,51625,44,4592,0
401,50705,53,1096,0
402,58079,18,11540,1
403,62192,46,1863,0
404,62553,63,4641,0
405,68147,22,12307,1
406,27619,47,2774,0
407,65330,28,4030,0
408,26680,47,1671,0
409,46104,51,2342,0
410,44904,44,4953,0
411,52934,50,3248,0
412,43509,18,7363,1
413,22118,63,3928,0
414,56275,30,2224,0
415,48630,27,5862,1
416,64272,37,4929,0
417,24349,53,3890,0
418,34332,36,1225,0
419,64940,43,8196,0
420,30595,40,3495,0
421,53422,28,7441,1
422,69995,52,2084,0
423,48270,45,6232,0
424,27028,48,331,0
425,23519,34,2368,0
426,37302,35,2366,0
427,55601,18,10533,1
428,62678,25,333,0
429,41602,25,7005,1
430,27533,46,1551,0
431,30594,50,118,0
432,47846,24,3713,0
433,55273,25,10282,1
434,23086,24,1256,0
435,29621,32,5575,1
436,47533,39,6637,0
437,62519,44,2324,0
438,50878,44,3257,0
439,58580,56,4317,0
440,69445,28,10643,1
441,60929,60,11146,0
442,35496,47,168,0
443,33572,57,3369,0
444,55306,20,5272,0
445,34141,47,3371,0
446,40453,20,890,0
447,69088,53,11246,0
448,30885,55,5216,0
449,58683,24,271,0
450,60675,39,11617,0
451,68460,35,949,0
452,63653,27,8866,1
453,42522,18,5036,0
454,54140,30,7896,1
455,47548,47,6153,0
456,24114,52,3900,0
457,20686,33,3052,1
458,21412,26,2639,1
459,69391,63,2550,0
460,32319,42,2733,0
461,52862,47,9754,0
462,48383,39,2763,0
463,36430,38,5855,0
464,44268,27,6043,1
465,63806,56,114,0
466,46195,32,927,0
467,23743,42,3254,0
468,22089,21,2584,0
469,54707,44,10255,0
470,23203,58,749,0
471,25342,40,871,0
472,31645,32,5193,1
473,32306,21,3603,0
474,61262,49,5564,0
475,26388,19,1191,0
476,53009,36,3589,0
477,58163,58,2237,0
478,38665,55,6152,0
479,25289,53,3701,0
480,66049,29,13172,1
481,56282,62,8215,0
482,35778,30,5544,1
483,29174,18,665,0
484,55934,60,5643,0
485,32256,20,2809,0
486,68052,28,1415,0
487,26957,55,4172,0
488,48685,32,9698,1
489,38288,28,1723,0
490,42468,28,1902,0
491,55377,46,6882,0
492,54231,21,10156,1
493,53283,49,4065,0
494,52534,47,3810,0
495,47847,26,8494,1
496,59998,54,4659,0
497,58684,31,5415,0
498,49114,61,6388,0
499,57179,21,2991,0
500,69395,23,11047,1
501,43963,41,4481,0
502,66326,40,5602,0
503,35886,34,843,0
504,35578,42,3640,0
505,48689,36,3859,0
506,56510,47,9255,0
507,50275,41,5541,0
508,56665,61,11159,0
509,42912,60,4550,0
510,22169,36,947,0
511,35919,27,1227,0
512,61987,27,2618,0
513,30044,49,1428,0
514,61528,55,10897,0
515,31196,47,987,0
516,66003,33,11207,1
517,56960,25,4856,0
518,41315,57,1378,0
519,64913,26,9781,1
520,32804,62,4961,0
521,25789,26,2410,0
522,31908,38,1857,0
523,56050,23,6870,1
524,66505,25,6571,0
525,57504,55,8107,0
526,44619,59,2474,0
527,21158,54,3562,0
528,22765,20,540,0
529,25052,45,3367,0
530,61006,54,5850,0
531,62321,45,10649,0
532,49604,51,7045,0
533,48433,28,789,0
534,57590,19,7676,1
535,62691,25,8244,1
536,51121,58,6471,0
537,22516,55,4267,0
538,60857,37,10486,0
539,62908,51,3213,0
540,49665,50,2713,0
541,65322,41,2739,0
542,20598,35,3872,0
543,55476,52,4733,0
544,26218,18,3343,1
545,40794,38,6519,0
546,53719,42,1670,0
547,20715,27,369,0
548,57163,53,577,0
549,33751,25,6494,1
550,44832,32,1256,0
551,51035,58,2889,0
552,53493,21,5030,0
553,58205,56,10035,0
554,47439,22,7896,1
555,47586,42,3343,0
556,26100,62,960,0
557,45326,59,5142,0
558,24391,47,2198,0
559,53741,49,6513,0
560,40053,27,44,0
561,53033,38,10427,0
562,25176,53,3064,0
563,31210,54,3853,0
564,23532,59,1077,0
565,63776,43,6697,0
566,52278,45,4269,0
567,56015,32,2275,0
568,56110,62,9351,0
569,57856,33,8824,1
570,30187,28,4462,1
571,30786,47,3563,0
572,22279,58,3141,0
573,42476,46,8334,0
574,58147,34,3951,0
575,36266,55,3206,0
576,39045,27,1165,0
577,64467,63,521,0
578,36594,60,3492,0
579,58797,53,8892,0
580,66653,19,5180,0
581,48271,21,6077,1
582,30991,34,4589,1
583,45446,19,8474,1
584,37142,50,161,0
585,58320,20,10033,1
586,24825,54,3650,0
587,20511,27,931,0
588,48326,35,7168,0
589,55441,48,10768,0
590,60496,33,1115,0
591,25296,44,1320,0
592,50414,56,2468,0
593,67984,27,1642,0
594,50382,57,9183,0
595,49413,18,2554,0
596,61464,36,5099,0
597,53784,24,2761,0
598,35993,41,901,0
599,63402,47,7530,0
600,40484,39,1093,0
601,26168,41,3040,0
602,60044,61,6823,0
603,23984,51,4622,0
604,40359,32,1783,0
605,33583,62,1251,0
606,68038,62,10108,0
607,45652,53,5408,0
608,34399,31,6019,1
609,57628,23,5021,0
610,24294,22,4360,1
611,52218,37,9792,0
612,50061,55,6145,0
613,49352,57,3362,0
614,21087,49,3353,0
615,23812,42,2716,0
616,49395,41,5927,0
617,33338,46,2929,0
618,29668,38,2042,0
619,45936,41,8525,0
620,55948,40,8569,0
621,53239,63,4606,0
622,43694,49,5049,0
623,24078,38,3276,0
624,50258,22,1086,0
625,41816,48,4534,0
626,36892,54,6463,0
627,23886,34,4440,1
628,48757,23,1833,0
629,34601,33,2430,0
630,52986,50,4928,0
631,50740,21,784,0
632,53096,36,2663,0
633,38500,53,7571,0
634,41004,55,1016,0
635,63585,49,1594,0
636,31823,30,2290,0
637,26242,32,1801,0
638,63531,19,6917,0
639,64751,53,2289,0
640,31091,50,4071,0
641,66871,62,3614,0
642,25098,51,2611,0
643,33720,47,1365,0
644,28182,25,2285,0
645,27334,42,2963,0
646,68694,23,12731,1
647,46195,26,2888,0
648,34488,27,2156,0
649,57827,23,10816,1
650,20346,35,656,0
651,60480,53,3216,0
652,51915,44,2282,0
653,54625,31,8619,1
654,48305,55,4833,0
655,28577,21,1639,0
656,53400,58,10418,0
657,43414,44,7170,0
658,47526,57,8957,0
659,46082,55,2921,0
660,32195,62,4980,0
661,49067,60,7258,0
662,21293,42,1368,0
663,52100,23,4767,0
664,48334,53,2234,0
665,58507,48,694,0
666,27521,35,2699,0
667,63914,26,139,0
668,28598,52,524,0
669,23298,48,1741,0
670,35697,51,2907,0
671,40376,38,3901,0
672,56534,27,2161,0
673,36088,41,6222,0
674,34158,29,2911,0
675,29732,38,3485,0
676,41736,34,7602,1
677,42236,24,4749,0
678,28796,44,706,0
679,55097,33,9342,1
680,40916,48,5219,0
681,20908,28,3133,1
682,57999,62,859,0
683,57746,63,727,0
684,55116,41,10284,0
685,57765,43,5445,0
686,45200,43,7335,0
687,42435,51,2766,0
688,46365,41,5443,0
689,57187,59,9390,0
690,66539,57,12129,0
691,25244,53,1278,0
692,54780,61,8134,0
693,59253,36,7327,0
694,48540,21,1012,0
695,30415,22,4362,1
696,48768,25,500,0
697,52299,18,7880,1
698,42242,34,2070,0
699,28218,42,1305,0
700,40208,61,459,0
701,61419,30,9921,1
702,51282,26,8445,1
703,36017,43,1526,0
704,57575,33,9857,1
705,53330,42,2343,0
706,39834,63,699,0
707,62469,24,7286,0
708,40334,45,6808,0
709,47542,40,9448,0
710,55883,27,974,0
711,29163,43,1469,0
712,47786,29,7181,1
713,29736,35,657,0
714,50831,24,9572,1
715,62030,46,7572,0
716,54049,54,4569,0
717,34336,35,3441,0
718,31895,48,3423,0
719,51894,59,6579,0
720,37616,53,5732,0
721,22076,56,3948,0
722,56252,57,7327,0
723,26316,37,923,0
724,23120,40,1417,0
725,39033,59,5757,0
726,32420,32,1494,0
727,68827,25,1049,0
728,58092,41,5277,0
729,43538,46,8523,0
730,64040,59,5408,0
731,34395,25,2089,0
732,57405,45,6914,0
733,22581,40,34,0
734,27952,42,3965,0
735,54022,26,10641,1
736,63546,44,6170,0
737,60713,56,396,0
738,44519,32,1446,0
739,40997,55,7908,0
740,63661,25,6095,0
741,34429,39,2240,0
742,29181,48,2529,0
743,52510,40,1858,0
744,37536,25,2634,0
745,35683,44,4337,0
746,45622,41,528,0
747,67385,29,6747,0
748,69411,47,12176,0
749,48322,29,7732,1
750,40836,22,6994,1
751,38035,60,4298,0
752,42696,44,222,0
753,24181,22,1529,0
754,33194,51,6615,0
755,32541,34,780,0
756,38381,54,322,0
757,25921,58,5104,0
758,58810,22,9099,1
759,63025,56,2956,0
760,29954,61,5774,0
761,40641,37,5042,0
762,43940,38,2855,0
763,65166,25,8859,1
764,58820,30,530,0
765,50719,43,4770,0
766,46766,47,2383,0
767,67520,45,13041,0
768,28386,31,1718,0
769,68276,34,4842,0
770,30731,40,1129,0
771,30012,54,3972,0
772,38075,53,6928,0
773,55932,44,4876,0
774,27966,53,4445,0
775,53825,49,5272,0
776,65451,60,8129,0
777,39473,42,6034,0
778,42344,47,6800,0
779,36112,60,3737,0
780,32720,33,4367,1
781,27973,49,403,0
782,21306,35,3791,0
783,36029,52,2928,0
784,48457,22,8108,1
785,46038,39,6868,0
786,34247,34,6458,1
787,64247,31,4513,0
788,62109,41,2816,0
789,21481,19,1137,0
790,20762,25,2385,0
791,33756,40,1169,0
792,54325,29,6978,1
793,33197,59,3993,0
794,56846,30,5268,0
795,26542,45,4233,0
796,53200,59,3090,0
797,38073,32,2284,0
798,43937,56,3213,0
799,49284,51,493,0
800,22869,25,527,0
801,60113,40,8253,0
802,23613,32,2469,0
803,68755,53,10990,0
804,26449,46,2952,0
805,42855,47,4923,0
806,25686,35,3728,0
807,67125,36,7482,0
808,27427,59,719,0
809,37145,53,1510,0
810,41702,41,6105,0
811,20710,49,3960,0
812,39124,44,401,0
813,32834,60,4184,0
814,26267,58,1136,0
815,41254,28,6993,1
816,38268,30,2522,0
817,37087,57,6391,0
818,38458,55,3644,0
819,40185,31,1002,0
820,65481,45,10614,0
821,57426,20,2461,0
822,47903,46,4283,0
823,34222,52,3582,0
824,28481,47,5302,0
825,43069,41,4091,0
826,33093,33,3852,0
827,61363,62,9636,0
828,68100,47,8124,0
829,50551,56,5262,0
830,54421,22,6229,0
831,32152,57,3550,0
832,40230,58,745,0
833,53483,29,1459,0
834,65137,42,10352,0
835,29496,54,2216,0
836,45181,48,2243,0
837,24994,34,51,0
838,54820,20,10070,1
839,62955,29,207,0
840,52956,25,959,0
841,40366,32,7410,1
842,60005,40,10677,0
843,37598,54,3641,0
844,61323,60,8699,0
845,21243,57,3438,0
846,62111,25,499,0
847,56524,54,5296,0
848,51718,34,1036,0
849,43205,23,4835,0
850,26934,35,4113,0
851,68966,54,6690,0
852,31527,59,2062,0
853,46839,28,1498,0
854,32151,42,4601,0
855,40831,47,6429,0
856,30868,58,4618,0
857,62988,32,6924,0
858,65496,61,11805,0
859,63032,24,390,0
860,27287,18,4509,1
861,44299,24,5154,0
862,44091,30,1664,0
863,26617,28,2727,0
864,21856,47,1500,0
865,28072,54,1,0
866,35950,35,2664,0
867,28982,35,1440,0
868,51790,41,1281,0
869,65000,21,1114,0
870,29761,21,3748,1
871,23081,53,257,0
872,60016,22,1522,0
873,54619,53,901,0
874,66274,36,10257,0
875,49380,45,5425,0
876,46283,48,2166,0
877,25554,42,4229,0
878,36680,22,4849,1
879,30383,46,2153,0
880,67730,26,8881,1
881,36446,40,2927,0
882,33648,60,1498,0
883,53852,42,2089,0
884,61298,48,9399,0
885,69465,20,7983,0
886,39102,29,4200,0
887,29366,22,4049,1
888,67949,34,1790,0
889,29468,22,3703,1
890,56839,36,9004,0
891,38277,44,7405,0
892,49664,39,5571,0
893,49972,32,763,0
894,27356,63,2983,0
895,36840,36,6557,0
896,51438,46,6898,0
897,40614,20,2649,0
898,56738,63,3210,0
899,68004,41,2698,0
900,44458,52,1456,0
901,66801,19,288,0
902,48991,18,7453,1
903,69430,58,2648,0
904,27989,27,1770,0
905,67675,37,4396,0
906,47985,33,8801,1
907,43388,35,7007,0
908,63182,25,3493,0
909,20568,25,2257,0
910,25833,19,3716,1
911,23087,37,423,0
912,36124,25,6485,1
913,57330,44,1058,0
914,47240,55,4286,0
915,55730,55,9286,0
916,61660,48,1684,0
917,49746,29,7354,1
918,23973,55,95,0
919,28085,45,4431,0
920,33585,60,3933,0
921,44179,51,5888,0
922,56025,29,4341,0
923,49369,51,109,0
924,26889,62,675,0
925,30873,38,4076,0
926,30608,46,2632,0
927,54878,42,1504,0
928,32423,63,2961,0
929,46608,20,1521,0
930,65689,28,255,0
931,49054,54,1102,0
932,20310,54,1279,0
933,66423,18,1066,0
934,45783,63,7492,0
935,62887,42,6849,0
936,51088,52,9097,0
937,66217,19,745,0
938,62799,35,6752,0
939,45789,36,4545,0
940,59727,50,5203,0
941,35513,60,6983,0
942,29178,63,1664,0
943,67501,49,7589,0
944,66255,28,7475,0
945,63558,36,9282,0
946,63441,18,3119,0
947,64983,27,9109,1
948,56946,55,11175,0
949,52349,35,5181,0
950,31473,27,797,0
951,59267,34,5085,0
952,66809,31,1316,0
953,48083,39,9193,0
954,20629,28,3310,1
955,25363,31,3946,1
956,28873,62,2224,0
957,41430,33,5719,1
958,53612,23,5976,0
959,51555,57,9217,0
960,46564,50,599,0
961,61200,19,406,0
962,29307,61,481,0
963,67687,20,10506,1
964,52565,55,372,0
965,52920,20,9521,1
966,34981,23,5502,1
967,65210,27,12607,1
968,60016,54,2857,0
969,23066,33,1933,0
970,52603,43,2043,0
971,20111,53,1745,0
972,32759,43,5211,0
973,30578,55,3010,0
974,21211,32,931,0
975,53746,29,9534,1
976,45214,18,1779,0
977,58465,20,11417,1
978,54422,58,444,0
979,62842,62,107,0
980,53005,45,2539,0
981,40749,26,6207,1
982,49804,20,7235,1
983,37277,26,6289,1
984,46883,30,6342,1
985,31763,35,3489,0
986,61013,24,1791,0
987,41285,22,532,0
988,39133,21,433,0
989,62171,24,1035,0
990,53638,44,109,0
991,49264,58,3051,0
992,63114,48,11890,0
993,58165,45,4155,0
994,43029,27,6894,1
995,21593,51,458,0
996,49104,35,9452,0
997,65776,39,2805,0
998,36192,21,7236,1
999,62165,19,4739,0
1000,50793,41,421,0
1001,62422,32,2841,0
1002,63166,56,4058,0
1003,23717,49,1530,0
1004,66797,21,11921,1
1005,30272,19,1440,0
1006,55741,52,3181,0
1007,30742,26,5685,1
1008,20491,35,1579,0
1009,35620,40,3611,0
1010,50206,33,5826,0
1011,67935,60,8267,0
1012,59223,22,3901,0
1013,32657,32,1796,0
1014,55931,23,4053,0
1015,23694,22,764,0
1016,44324,23,2672,0
1017,34735,62,1402,0
1018,67064,22,1091,0
1019,42761,45,610,0
1020,49517,31,7337,1
1021,54372,29,839,0
1022,29941,48,3170,0
1023,68414,51,6154,0
1024,23891,51,3475,0
1025,47187,24,7933,1
1026,39819,63,3577,0
1027,50632,53,1262,0
1028,39970,40,7867,0
1029,55176,49,7822,0
1030,50533,56,117,0
1031,52983,42,5567,0
1032,31187,30,593,0
1033,34909,25,2852,0
1034,53810,51,9154,0
1035,55478,53,6227,0
1036,60394,57,8293,0
1037,36845,51,1790,0
1038,60264,54,2241,0
1039,52981,18,3759,0
1040,50222,21,8734,1
1041,59256,38,9812,0
1042,43203,40,7730,0
1043,46288,23,6053,1
1044,58176,52,9852,0
1045,25631,47,4778,0
1046,58977,30,9442,1
1047,25048,54,2341,0
1048,33436,34,5473,1
1049,23787,36,3041,0
1050,69456,48,13190,0
1051,65447,39,3269,0
1052,68743,56,2290,0
1053,36052,49,2830,0
1054,24820,38,51,0
1055,26046,54,4669,0
1056,60850,59,7206,0
1057,69929,51,12427,0
1058,53298,56,2106,0
1059,48818,49,2312,0
1060,38042,32,3495,0
1061,42119,60,1930,0
1062,62247,39,1870,0
1063,62252,28,1699,0
1064,36973,38,4144,0
1065,54217,26,8836,1
1066,44218,58,1693,0
1067,33274,23,2244,0
1068,54656,18,9911,1
1069,67593,25,9864,1
1070,39472,42,596,0
1071,30572,48,1847,0
1072,50447,58,2443,0
1073,49198,49,483,0
1074,53768,25,3696,0
1075,52809,61,6276,0
1076,38011,19,4625,1
1077,58910,31,3671,0
1078,57914,50,6715,0
1079,39494,28,3544,0
1080,45918,38,1910,0
1081,55649,19,7660,1
1082,27136,18,2253,0
1083,62724,39,9255,0
1084,32921,43,2553,0
1085,28482,19,329,0
1086,44170,24,2168,0
1087,60664,22,5873,0
1088,64501,33,12147,1
1089,28237,50,2728,0
1090,67420,21,3668,0
1091,55642,38,2841,0
1092,56086,34,3990,0
1093,57676,20,10504,1
1094,62535,39,9490,0
1095,60686,48,10614,0
1096,25032,46,680,0
1097,22228,33,2187,0
1098,41435,34,3702,0
1099,43955,51,7833,0
1100,60063,59,6766,0
1101,34635,18,4859,1
1102,63944,32,12213,1
1103,35403,34,2929,0
1104,53654,44,6587,0
1105,23508,52,4622,0
1106,61869,36,1040,0
1107,20674,23,299,0
1108,22127,61,1777,0
1109,27408,37,2591,0
1110,60720,38,3278,0
1111,34760,34,28,0
1112,23057,46,2487,0
1113,42380,35,6832,0
1114,37887,24,5061,1
1115,39988,54,357,0
1116,25026,62,3845,0
1117,43588,40,6453,0
1118,20897,28,2940,1
1119,24904,53,3376,0
1120,66068,35,5626,0
1121,36126,40,3805,0
1122,23626,34,2173,0
1123,30200,62,4871,0
1124,65569,62,12494,0
1125,20617,46,2224,0
1126,25817,21,3682,1
1127,21448,31,1989,0
1128,69370,52,4605,0
1129,34145,31,4074,0
1130,52651,57,6529,0
1131,40069,43,3646,0
1132,39246,48,919,0
1133,56233,57,9642,0
1134,49264,19,801,0
1135,30451,42,475,0
1136,28726,34,3675,1
1137,20113,30,2507,1
1138,43434,52,3672,0
1139,59208,30,11479,1
1140,69310,42,1590,0
1141,60567,40,571,0
1142,22048,53,4199,0
1143,66733,52,5366,0
1144,22209,22,4096,1
1145,49032,54,1777,0
1146,26558,57,22,0
1147,49255,36,4951,0
1148,30218,48,5914,0
1149,56317,24,8045,1
1150,53825,45,431,0
1151,34927,54,1957,0
1152,53287,59,4432,0
1153,32032,50,4582,0
1154,48405,47,3766,0
1155,46132,26,3216,0
1156,29049,57,2562,0
1157,68550,19,3879,0
1158,47474,37,5083,0
1159,50021,23,1054,0
1160,64089,37,6272,0
1161,28451,41,1042,0
1162,58132,29,5491,0
1163,30961,32,162,0
1164,64162,53,6938,0
1165,67470,52,12715,0
1166,68263,42,4124,0
1167,42889,57,6340,0
1168,20155,41,3489,0
1169,58178,49,10948,0
1170,45735,52,2944,0
1171,30037,38,1247,0
1172,64392,37,4513,0
1173,26291,52,1094,0
1174,36008,20,3709,0
1175,54953,44,365,0
1176,28753,49,4990,0
1177,41993,36,6644,0
1178,56696,57,9686,0
1179,51906,36,10235,0
1180,30939,47,6115,0
1181,38520,56,4176,0
1182,33489,25,3581,0
1183,52836,38,5671,0
1184,51733,24,7906,1
1185,41273,32,3299,0
1186,68223,28,7364,0
1187,28222,40,613,0
1188,21921,62,1901,0
1189,38852,27,7513,1
1190,59621,54,7014,0
1191,41377,45,5324,0
1192,54405,57,6253,0
1193,60103,56,2632,0
1194,67528,52,7877,0
1195,61156,31,3250,0
1196,42955,45,2962,0
1197,46923,36,3107,0
1198,24951,62,2544,0
1199,26267,34,59,0
1200,64603,33,11264,1
1201,34667,18,2827,0
1202,66008,19,9189,1
1203,45840,32,5299,0
1204,32188,49,4659,0
1205,50289,24,6127,1
1206,36837,54,1598,0
1207,28852,44,5705,0
1208,68127,47,12099,0
1209,41349,53,8083,0
1210,69132,33,7621,0
1211,38477,27,289,0
1212,68291,46,9577,0
1213,58074,59,8551,0
1214,26867,32,1730,0
1215,32348,59,3229,0
1216,31044,49,4465,0
1217,29279,18,2291,0
1218,35145,47,510,0
1219,44405,34,3917,0
1220,42059,55,5310,0
1221,28612,58,4948,0
1222,46546,60,254,0
1223,22832,32,3318,1
1224,21565,44,4136,0
1225,26078,31,3665,1
1226,60503,20,6766,0
1227,31233,41,1662,0
1228,34505,49,2151,0
1229,35485,47,2482,0
1230,45986,20,7112,1
1231,43308,34,6777,1
1232,53284,32,849,0
1233,68398,36,8106,0
1234,64743,56,4304,0
1235,68412,28,551,0
1236,59695,27,8889,1
1237,32406,20,3394,0
1238,33184,60,4580,0
1239,47688,34,1377,0
1240,42591,45,4602,0
1241,34051,35,6224,0
1242,61800,29,9143,1
1243,45360,27,4569,0
1244,20252,27,3360,1
1245,30134,43,958,0
1246,56217,51,2866,0
1247,31722,34,2877,0
1248,60178,33,3203,0
1249,51144,37,3411,0
1250,22449,35,1187,0
1251,44932,27,622,0
1252,40929,20,2352,0
1253,31092,43,5617,0
1254,44743,53,2574,0
1255,60770,33,2242,0
1256,43528,59,2264,0
1257,25008,63,2941,0
1258,47433,60,9139,0
1259,50064,29,417,0
1260,60348,60,3037,0
1261,67471,26,4448,0
1262,30492,61,4834,0
1263,25640,22,3105,1
1264,55040,52,8352,0
1265,34476,23,898,0
1266,23345,38,4548,0
1267,24426,34,823,0
1268,65849,30,5051,0
1269,60454,41,7875,0
1270,22680,55,1743,0
1271,44471,19,5883,1
1272,46572,59,721,0
1273,24369,61,1366,0
1274,56830,37,10462,0
1275,46942,55,2187,0
1276,42521,54,6745,0
1277,63188,51,3960,0
1278,29410,23,812,0
1279,46668,57,1833,0
1280,62693,22,5321,0
1281,65307,23,1906,0
1282,59589,20,4191,0
1283,41019,23,3005,0
1284,48058,47,6527,0
1285,50208,35,729,0
1286,62526,61,5835,0
1287,48192,29,5026,0
1288,30884,31,4099,1
1289,36965,53,6333,0
1290,43536,27,6427,1
1291,69181,39,1173,0
1292,64233,26,12104,1
1293,52593,19,811,0
1294,32282,42,3345,0
1295,54077,57,7149,0
1296,51595,28,385,0
1297,23097,53,4517,0
1298,27407,26,2949,0
1299,64395,63,10054,0
1300,60432,41,6300,0
1301,42990,29,4665,0
1302,41581,22,7895,1
1303,53289,47,8047,0
1304,22372,31,1118,0
1305,57119,22,10211,1
1306,31112,49,424,0
1307,68936,43,11073,0
1308,20436,56,2356,0
1309,20583,21,53,0
1310,58988,19,4728,0
1311,45311,26,3103,0
1312,60856,37,10238,0
1313,45818,48,8137,0
1314,20904,41,2606,0
1315,49908,29,2903,0
1316,55988,31,7745,1
1317,62125,21,5700,0
1318,48822,60,599,0
1319,29976,57,3796,0
1320,41944,61,1203,0
1321,36970,33,1268,0
1322,39992,20,4999,1
1323,42450,61,6210,0
1324,42146,23,7367,1
1325,52841,18,5957,0
1326,66418,62,9340,0
1327,44047,27,2096,0
1328,24821,19,874,0
1329,35583,63,27,0
1330,25289,21,2130,0
1331,39770,45,280,0
1332,59511,29,2520,0
1333,51211,45,4093,0
1334,56530,45,5957,0
1335,42604,41,7942,0
1336,66642,56,4958,0
1337,35527,47,325,0
1338,66896,31,387,0
1339,51980,35,6243,0
1340,40081,43,770,0
1341,50167,42,5592,0
1342,39545,43,5787,0
1343,43372,55,474,0
1344,33084,59,5762,0
1345,53187,63,4879,0
1346,48290,30,4902,0
1347,66078,45,3664,0
1348,51547,53,6563,0
1349,39393,52,5415,0
1350,69592,63,13025,0
1351,54588,31,2847,0
1352,44964,48,693,0
1353,46081,50,1487,0
1354,45564,22,715,0
1355,62657,28,5771,0
1356,67921,35,1399,0
1357,59514,57,2504,0
1358,48422,41,3520,0
1359,22001,31,2155,0
1360,52529,18,9808,1
1361,24061,34,3980,1
1362,23450,34,1419,0
1363,32866,44,6037,0
1364,30958,43,1558,0
1365,27550,29,3944,1
1366,36024,51,4155,0
1367,46801,34,5315,0
1368,27082,60,4990,0
1369,65435,19,12727,1
1370,59295,51,493,0
1371,45435,21,2143,0
1372,61742,34,326,0
1373,31396,34,3719,0
1374,35916,53,6401,0
1375,43969,25,7455,1
1376,60624,39,6740,0
1377,69939,55,2225,0
1378,69755,44,13766,0
1379,69478,22,10229,1
1380,34192,27,5233,1
1381,57457,50,3608,0
1382,63910,56,8986,0
1383,26643,19,1413,0
1384,23985,24,2284,0
1385,63660,50,7832,0
1386,44102,21,842,0
1387,29409,41,3388,0
1388,49294,37,4574,0
1389,39553,53,7063,0
1390,68583,57,2922,0
1391,31060,53,3729,0
1392,29190,60,5239,0
1393,63437,54,11963,0
1394,35243,35,748,0
1395,36475,63,413,0
1396,63271,23,11298,1
1397,45540,59,1490,0
1398,68565,21,1231,0
1399,20063,24,2495,1
1400,44222,55,7443,0
1401,67839,47,5609,0
1402,54009,49,884,0
1403,52234,47,9255,0
1404,28423,61,5282,0
1405,52623,50,1156,0
1406,25636,55,1239,0
1407,60842,60,6608,0
1408,36727,58,7287,0
1409,63830,35,5271,0
1410,43108,22,647,0
1411,25285,19,1027,0
1412,57646,62,1452,0
1413,51027,61,3313,0
1414,37389,34,7365,1
1415,65017,26,1017,0
1416,20595,45,1330,0
1417,56445,55,6875,0
1418,60864,44,3704,0
1419,51231,62,813,0
1420,41103,63,3644,0
1421,56267,43,8238,0
1422,20774,35,1347,0
1423,46424,59,4087,0
1424,29909,62,4495,0
1425,62808,56,6465,0
1426,41243,52,4161,0
1427,46089,63,1618,0
1428,69191,57,6270,0
1429,60846,32,8974,1
1430,66558,48,3090,0
1431,27428,54,1287,0
1432,60912,60,3870,0
1433,28127,41,3279,0
1434,64029,36,1644,0
1435,61836,29,10971,1
1436,37005,58,1068,0
1437,56003,18,3639,0
1438,58038,54,538,0
1439,29237,24,23,0
1440,33265,21,5968,1
1441,66236,35,2756,0
1442,41978,52,1603,0
1443,63453,23,10668,1
1444,24985,50,2017,0
1445,53593,62,1428,0
1446,54179,52,10028,0
1447,20126,36,1432,0
1448,51180,56,2875,0
1449,36455,38,3437,0
1450,39188,22,3545,0
1451,47852,38,3295,0
1452,20014,43,2426,0
1453,28630,27,4406,1
1454,66688,48,9690,0
1455,53226,43,5686,0
1456,35609,47,2574,0
1457,64065,43,771,0
1458,54935,42,7921,0
1459,67800,28,5035,0
1460,46893,43,9131,0
1461,54648,56,10674,0
1462,31410,36,5797,0
1463,36989,33,556,0
1464,33198,30,4285,1
1465,47704,21,2717,0
1466,30569,37,4752,0
1467,61398,63,9008,0
1468,67750,33,6855,0
1469,47637,51,6708,0
1470,38357,25,2548,0
1471,43156,27,2413,0
1472,41101,35,5240,0
1473,59475,36,2628,0
1474,40708,32,5532,1
1475,30391,59,2072,0
1476,46024,24,4318,0
1477,66529,59,6337,0
1478,68115,37,7458,0
1479,38423,29,3676,0
1480,33227,23,6470,1
1481,61674,54,4054,0
1482,26931,41,3668,0
1483,60040,44,2659,0
1484,26181,42,2618,0
1485,61552,61,4042,0
1486,29705,41,1912,0
1487,53934,21,2085,0
1488,23007,48,2296,0
1489,48552,29,5650,0
1490,66370,63,5176,0
1491,49140,43,8832,0
1492,39684,33,2590,0
1493,32025,37,217,0
1494,55568,42,6114,0
1495,45898,24,5617,1
1496,39217,30,864,0
1497,34070,27,1401,0
1498,66768,49,4255,0
1499,31400,62,4464,0
1500,49335,43,2549,0
1501,51774,47,1508,0
1502,43064,43,787,0
1503,41226,49,2155,0
1504,43044,60,1661,0
1505,33546,54,5347,0
1506,69209,26,6284,0
1507,32291,39,277,0
1508,66274,21,11576,1
1509,34102,42,1269,0
1510,21144,21,703,0
1511,41049,49,5890,0
1512,36351,33,6619,1
1513,63144,32,812,0
1514,32086,28,6362,1
1515,28873,62,992,0
1516,65359,18,7707,0
1517,49064,43,5636,0
1518,23763,39,2950,0
1519,51845,43,8750,0
1520,67035,46,11276,0
1521,49240,53,8004,0
1522,36132,18,3009,0
1523,67006,36,3692,0
1524,39453,32,436,0
1525,52205,24,1135,0
1526,46319,45,1523,0
1527,29398,41,4673,0
1528,31135,19,2457,0
1529,65603,19,11775,1
1530,41362,44,607,0
1531,60302,52,6509,0
1532,54468,23,68,0
1533,47683,32,4752,0
1534,38160,31,3429,0
1535,22925,34,2547,0
1536,64087,38,722,0
1537,65824,40,2643,0
1538,53451,49,10529,0
1539,36455,35,2464,0
1540,39573,29,5785,1
1541,41052,49,4652,0
1542,37895,54,6071,0
1543,44827,56,2639,0
1544,28341,39,2248,0
1545,56887,36,10969,0
1546,25146,21,2890,0
1547,54739,28,7218,1
1548,30497,28,4573,1
1549,25358,41,2220,0
1550,29993,49,2749,0
1551,64675,30,4628,0
1552,56256,22,5452,0
1553,31702,28,3587,0
1554,34113,30,6360,1
1555,44666,54,7548,0
1556,39421,26,6111,1
1557,21683,46,339,0
1558,65697,36,5644,0
1559,68657,35,2427,0
1560,66981,27,6678,0
1561,45971,27,4776,0
1562,42965,45,8109,0
1563,50895,18,5556,0
1564,46175,36,1064,0
1565,44984,51,4584,0
1566,66941,22,12380,1
1567,31022,39,6144,0
1568,46583,32,6241,1
1569,56201,43,8346,0
1570,31587,56,2677,0
1571,40716,25,2389,0
1572,64966,28,11495,1
1573,68503,19,3580,0
1574,33867,30,5714,1
1575,54195,39,6649,0
1576,50565,62,693,0
1577,57216,31,3554,0
1578,29849,39,3678,0
1579,29072,38,1589,0
1580,29775,21,3327,0
1581,46672,54,1408,0
1582,66393,58,9540,0
1583,29338,25,5120,1
1584,67289,26,13376,1
1585,45980,31,5929,1
1586,34163,45,6617,0
1587,52216,23,6803,1
1588,62313,60,925,0
1589,49205,24,3393,0
1590,65688,24,3673,0
1591,43489,51,6501,0
1592,40966,46,2393,0
1593,37261,23,2075,0
1594,58775,45,5673,0
1595,39395,36,7557,0
1596,21144,58,987,0
1597,33126,50,4169,0
1598,30931,35,1074,0
1599,31936,59,4087,0
1600,38157,51,5628,0
1601,21032,30,4024,1
1602,50238,34,2567,0
1603,67346,34,6752,0
1604,33261,18,586,0
1605,53113,59,10080,0
1606,42749,56,4626,0
1607,42108,26,1020,0
1608,61344,20,7172,0
1609,54738,26,6210,0
1610,69695,26,8418,1
1611,62507,27,6590,0
1612,61922,24,1933,0
1613,58023,42,2785,0
1614,27010,36,2373,0
1615,21194,25,1102,0
1616,68338,34,12840,1
1617,67772,41,5037,0
1618,67131,58,2271,0
1619,33159,42,2135,0
1620,66087,51,11039,0
1621,60362,24,10306,1
1622,54609,18,5618,0
1623,63637,26,9955,1
1624,40918,37,3813,0
1625,51486,33,3955,0
1626,44896,48,3787,0
1627,24877,29,1546,0
1628,52263,34,10161,1
1629,42775,39,6145,0
1630,67064,18,8945,1
1631,50307,51,7207,0
1632,37432,22,4445,0
1633,30084,18,737,0
1634,61427,20,2163,0
1635,54718,29,2883,0
1636,47923,57,6931,0
1637,22880,18,1909,0
1638,46118,23,2728,0
1639,35082,41,2918,0
1640,38387,30,6453,1
1641,57413,43,9421,0
1642,28198,62,4370,0
1643,50117,32,3599,0
1644,34876,53,3102,0
1645,64126,19,4956,0
1646,41916,48,6106,0
1647,50052,27,5589,0
1648,39158,41,6887,0
1649,62219,19,5831,0
1650,67151,51,3941,0
1651,46166,25,901,0
1652,23881,32,1190,0
1653,48445,38,8733,0
1654,32441,58,840,0
1655,33820,61,4342,0
1656,61812,52,3124,0
1657,25347,61,2188,0
1658,33965,43,3123,0
1659,23641,56,4203,0
1660,50660,52,7511,0
1661,44037,58,5269,0
1662,51657,35,609,0
1663,46573,53,5533,0
1664,26922,44,3950,0
1665,48414,21,2105,0
1666,43974,47,8371,0
1667,65913,22,12972,1
1668,64715,60,11173,0
1669,25481,48,4005,0
1670,54170,37,1048,0
1671,51653,19,1853,0
1672,66054,39,10321,0
1673,60019,19,6978,0
1674,31523,62,5697,0
1675,65660,22,93,0
1676,61893,19,6038,0
1677,49230,47,8375,0
1678,38337,55,5691,0
1679,64016,44,10048,0
1680,46308,40,6815,0
1681,66209,45,7134,0
1682,47770,33,5366,0
1683,29856,18,4731,1
1684,21451,52,1719,0
1685,59673,57,7533,0
1686,47481,20,9402,1
1687,36219,56,4280,0
1688,59458,56,1513,0
1689,67010,51,11646,0
1690,58693,27,4033,0
1691,43041,46,2245,0
1692,31920,52,217,0
1693,32771,58,1853,0
1694,55487,32,178,0
1695,68406,46,2491,0
1696,37277,28,4242,0
1697,39762,25,3809,0
1698,41674,54,3203,0
1699,25789,45,4442,0
1700,24575,36,1667,0
1701,58082,60,9175,0
1702,67881,53,10503,0
1703,50115,26,3447,0
1704,40443,33,1857,0
1705,65824,19,154,0
1706,51199,22,4064,0
1707,67032,44,5487,0
1708,42205,23,2444,0
1709,37730,52,5273,0
1710,47398,50,9041,0
1711,48933,50,5071,0
1712,53078,49,10566,0
1713,53236,57,703,0
1714,58121,58,5161,0
1715,57261,40,2527,0
1716,52102,19,8799,1
1717,45165,37,5534,0
1718,58809,37,5470,0
1719,36598,41,6849,0
1720,62096,25,8034,1
1721,68114,47,4325,0
1722,67978,23,7382,0
1723,26615,53,3458,0
1724,51254,50,8747,0
1725,34428,27,6016,1
1726,60974,33,6165,0
1727,63330,30,5170,0
1728,58168,27,2935,0
1729,59579,51,2319,0
1730,52219,47,6560,0
1731,28700,28,5090,1
1732,27193,21,4518,1
1733,67417,29,6478,0
1734,57341,23,784,0
1735,64056,48,5982,0
1736,66370,38,5906,0
1737,45045,58,8489,0
1738,58609,22,4270,0
1739,53289,32,7395,1
1740,60309,34,2343,0
1741,45139,19,1743,0
1742,22815,61,2749,0
1743,45215,27,383,0
1744,40568,35,5990,0
1745,43721,55,5923,0
1746,38129,19,3964,0
1747,22547,57,2957,0
1748,57468,62,8452,0
1749,25534,37,1084,0
1750,26325,56,3336,0
1751,65913,36,11738,0
1752,67119,18,2725,0
1753,62020,56,114,0
1754,37965,27,299,0
1755,62114,30,12115,1
1756,36871,46,792,0
1757,65030,36,2231,0
1758,23193,41,548,0
1759,59568,40,7685,0
1760,50527,26,5639,0
1761,60776,34,10382,1
1762,61632,34,3028,0
1763,45930,49,7765,0
1764,25857,41,1810,0
1765,55093,55,6485,0
1766,42301,19,1480,0
1767,51903,59,8807,0
1768,64398,35,1674,0
1769,41089,57,997,0
1770,36727,24,794,0
1771,38163,63,454,0
1772,35949,56,3680,0
1773,44979,32,6045,1
1774,48211,30,2606,0
1775,28267,54,965,0
1776,33816,60,5265,0
1777,33078,36,6278,0
1778,36019,42,2987,0
1779,34238,63,6002,0
1780,62064,22,2972,0
1781,44867,55,366,0
1782,37162,28,3110,0
1783,65680,62,8838,0
1784,58772,46,7048,0
1785,32435,43,5685,0
1786,58028,50,5753,0
1787,60595,62,4534,0
1788,36565,19,1888,0
1789,20742,61,2295,0
1790,46666,18,7677,1
1791,32203,61,838,0
1792,36535,29,271,0
1793,28163,58,2121,0
1794,39019,31,3196,0
1795,24709,54,1915,0
1796,43052,31,488,0
1797,25003,53,2183,0
1798,46696,34,4732,0
1799,50112,41,5067,0
1800,43265,44,6194,0
1801,67802,49,13443,0
1802,55408,43,10300,0
1803,67048,55,10839,0
1804,40262,51,6535,0
1805,46427,61,5671,0
1806,46911,23,4263,0
1807,57359,34,10011,1
1808,34569,63,6254,0
1809,52797,21,1080,0
1810,56630,57,8442,0
1811,45245,35,1974,0
1812,20803,61,758,0
1813,57717,48,3153,0
1814,20647,20,725,0
1815,59046,36,8237,0
1816,62662,25,1965,0
1817,33614,46,4837,0
1818,48765,50,5183,0
1819,57240,41,313,0
1820,49973,43,363,0
1821,41255,45,5296,0
1822,61129,35,11302,0
1823,48938,59,3028,0
1824,68648,27,9425,1
1825,41250,39,7651,0
1826,22415,40,4371,0
1827,24112,35,3285,0
1828,41692,62,1708,0
1829,23516,27,559,0
1830,53812,44,3245,0
1831,29750,45,3627,0
1832,22633,37,553,0
1833,28713,54,1936,0
1834,63321,19,8092,1
1835,35276,28,6820,1
1836,35914,60,520,0
1837,31568,63,5067,0
1838,39934,31,184,0
1839,48614,61,5984,0
1840,29838,25,5913,1
1841,57745,36,5540,0
1842,44447,32,2714,0
1843,51768,30,6632,1
1844,34891,55,6152,0
1845,45382,42,2742,0
1846,40719,22,6415,1
1847,55145,57,8968,0
1848,48752,30,8934,1
1849,55763,30,7913,1
1850,36431,46,6783,0
1851,40522,63,7720,0
1852,42465,58,7314,0
1853,38561,45,4831,0
1854,54957,59,6976,0
1855,24822,29,2361,0
1856,25252,23,434,0
1857,25671,18,2272,0
1858,60672,43,6279,0
1859,60729,40,5006,0
1860,40240,26,7498,1
1861,57513,33,6921,1
1862,64287,45,6301,0
1863,48428,33,7718,1
1864,55313,25,9733,1
1865,27045,50,2503,0
1866,58216,27,9581,1
1867,34722,22,4073,0
1868,58503,42,7050,0
1869,55299,62,8052,0
1870,49501,50,2226,0
1871,61765,59,3649,0
1872,48430,18,6069,1
1873,66366,41,465,0
1874,55320,29,5990,0
1875,48774,62,3728,0
1876,61679,24,3060,0
1877,61485,60,3211,0
1878,24402,52,101,0
1879,21258,54,706,0
1880,48763,28,8172,1
1881,24406,37,1733,0
1882,61693,25,1568,0
1883,22748,26,108,0
1884,21479,24,1098,0
1885,51286,45,1134,0
1886,27153,48,3177,0
1887,36370,39,2855,0
1888,32400,61,3591,0
1889,60434,63,2474,0
1890,57303,52,10491,0
1891,42994,36,4453,0
1892,68339,23,2505,0
1893,49292,20,967,0
1894,57802,43,6796,0
1895,50779,39,6859,0
1896,35993,53,93,0
1897,21771,33,350,0
1898,61414,56,9743,0
1899,35784,46,110,0
1900,24791,39,4844,0
1901,49048,52,6363,0
1902,69852,62,9246,0
1903,21217,21,2690,1
1904,48031,43,7826,0
1905,64072,61,2426,0
1906,56689,41,5740,0
1907,45769,55,8236,0
1908,35020,24,6832,1
1909,56751,59,7877,0
1910,27363,44,3215,0
1911,48455,27,1780,0
1912,21424,36,1795,0
1913,69992,41,52,0
1914,68110,32,11029,1
1915,48015,28,54,0
1916,23102,35,1779,0
1917,46134,54,8716,0
1918,48547,56,1940,0
1919,26095,58,5143,0
1920,64057,59,5774,0
1921,24454,52,864,0
1922,40506,52,5961,0
1923,43421,27,4705,0
1924,55881,33,8383,1
1925,45917,45,8253,0
1926,52901,60,729,0
1927,41183,56,7606,0
1928,25379,24,4693,1
1929,27514,36,192,0
1930,44241,19,8733,1
1931,29076,41,286,0
1932,60536,32,3132,0
1933,47881,38,5575,0
1934,49144,51,1633,0
1935,33707,59,321,0
1936,46442,28,1484,0
1937,25602,28,2214,0
1938,61236,36,6562,0
1939,48187,55,2003,0
1940,29933,18,5953,1
1941,41027,44,4369,0
1942,49990,45,1896,0
1943,59792,24,660,0
1944,35879,41,5335,0
1945,29102,27,1890,0
1946,30047,51,5768,0
1947,59299,36,4944,0
1948,64484,33,1391,0
1949,36352,43,6239,0
1950,66034,60,3913,0
1951,51650,40,3743,0
1952,31898,41,2015,0
1953,58780,18,5029,0
1954,67754,42,2989,0
1955,48500,61,7054,0
1956,55704,48,5594,0
1957,50458,52,9852,0
1958,48263,28,7798,1
1959,38755,56,4244,0
1960,68131,57,7813,0
1961,28991,37,1249,0
1962,35108,40,4002,0
1963,28858,23,3764,1
1964,22800,28,3740,1
1965,29572,39,5006,0
1966,21982,34,4265,1
1967,45576,38,4952,0
1968,55068,51,4852,0
1969,56441,43,9043,0
1970,68047,47,4023,0
1971,36275,30,644,0
1972,52389,54,10398,0
1973,23678,47,1779,0
1974,37707,31,268,0
1975,57753,54,5067,0
1976,30529,47,6046,0
1977,44022,31,1707,0
1978,58533,40,7832,0
1979,33702,48,922,0
1980,40236,52,4354,0
1981,62619,43,3959,0
1982,50738,45,9719,0
1983,64466,33,8537,1
1984,64636,60,2583,0
1985,22371,39,2291,0
1986,67994,38,7289,0
1987,49640,20,5760,0
1988,42067,24,4601,0
1989,43662,25,7269,1
1990,34237,34,2658,0
1991,26300,45,2317,0
1992,30803,23,623,0
1993,54421,26,3273,0
1994,24254,37,2225,0
1995,59221,48,1926,0
1996,69516,23,3503,0
1997,44311,28,5522,1
1998,43756,63,1622,0
1999,69436,56,7378,0